City,Cloudiness,Country,Date,Humidity,Lat,Lng,Max Temp,Wind Speed
Tuktoyaktuk,75,CA,1635622816,93,69.4541,-133.0374,17.6,9.22
Bethel,90,US,1635622716,91,41.3712,-73.414,62.73,8.05
Isangel,0,VU,1635622817,75,-19.55,169.2667,77.4,4.5
Punta Arenas,0,CL,1635622711,43,-53.15,-70.9167,51.91,18.41
Vaini,40,TO,1635622818,88,-21.2,-175.2,75.36,9.22
Tiksi,95,RU,1635622818,96,71.6872,128.8694,-1.53,7.87
Yangi Marg`ilon,100,UZ,1635622819,70,40.4272,71.7189,43.52,6.91
Airai,35,TL,1635622819,91,-8.9266,125.4092,61.72,1.19
Esperance,6,AU,1635622819,70,-33.8667,121.9,53.44,14.97
São João da Barra,100,BR,1635622680,88,-21.6403,-41.0511,73.49,11.65
Bredasdorp,73,ZA,1635622820,88,-34.5322,20.0403,59.29,3.44
Grindavik,0,IS,1635622821,93,63.8424,-22.4338,39.15,10.36
Ushuaia,0,AR,1635622601,46,-54.8,-68.3,51.46,18.41
Ribeira Grande,75,PT,1635622771,83,38.5167,-28.7,70.2,18.41
Rikitea,100,PF,1635622821,85,-23.1203,-134.9692,75.0,21.14
Amurzet,18,RU,1635622822,47,47.6967,131.0981,29.86,8.66
Can Tho,40,VN,1635622822,94,10.0333,105.7833,78.78,4.61
Kodār,89,IN,1635622823,92,16.9833,79.9667,74.3,3.56
Cherskiy,100,RU,1635622824,98,68.75,161.3,-0.9,5.59
Salalah,0,OM,1635622659,65,17.0151,54.0924,82.49,5.75
Castro,73,BR,1635622696,84,-24.7911,-50.0119,67.64,9.35
Sept-Îles,40,CA,1635622824,72,50.2001,-66.3821,50.52,4.0
Lagos,100,NG,1635622592,86,6.5833,3.75,82.72,4.83
Banda Aceh,100,ID,1635622825,82,5.5577,95.3222,78.3,5.39
Abéché,79,TD,1635622826,16,13.8292,20.8324,85.77,7.9
Ponta do Sol,32,PT,1635622773,77,32.6667,-17.1,74.03,7.25
Pevek,100,RU,1635622827,96,69.7008,170.3133,-2.96,10.63
Lake Charles,1,US,1635622827,41,30.2131,-93.2044,75.18,9.22
Carnarvon,0,AU,1635622682,68,-24.8667,113.6333,66.27,16.11
Arraial do Cabo,75,BR,1635622828,83,-22.9661,-42.0278,73.26,12.66
Tierralta,96,CO,1635622828,71,8.1736,-76.0592,84.7,1.41
Cape Town,0,ZA,1635622796,74,-33.9258,18.4232,64.09,1.99
Yibin,100,CN,1635622601,94,28.7667,104.6238,60.35,3.87
Paamiut,100,GL,1635622830,79,61.994,-49.6678,31.87,13.78
Pemangkat,37,ID,1635622830,84,1.1667,108.9667,79.12,1.68
Leningradskiy,99,RU,1635622831,96,69.3833,178.4167,-2.0,6.06
Sittwe,44,MM,1635622831,80,20.15,92.9,78.57,4.83
Plettenberg Bay,2,ZA,1635622832,91,-34.0527,23.3716,59.09,3.36
Pampierstad,0,ZA,1635622540,30,-27.7832,24.6877,67.89,7.14
Mount Isa,55,AU,1635622832,23,-20.7333,139.5,74.97,10.36
Pombia,75,IT,1635622833,88,45.653,8.6336,52.52,8.05
Tasiilaq,83,GL,1635622833,62,65.6145,-37.6368,24.96,6.17
Dudinka,100,RU,1635622834,96,69.4058,86.1778,11.77,4.0
Saint Paul Harbor,90,US,1635622834,87,57.79,-152.4072,47.71,29.93
Bluff,89,NZ,1635622835,66,-46.6,168.3333,54.91,20.27
Belaya Gora,99,RU,1635622835,98,68.5333,146.4167,0.52,4.32
Norman Wells,90,CA,1635622836,93,65.282,-126.8329,17.64,5.75
Barrow,90,US,1635622836,86,71.2906,-156.7887,15.82,5.75
Namatanai,95,PG,1635622837,80,-3.6667,152.4333,80.29,6.96
Sol'vychegodsk,100,RU,1635622837,100,61.3305,46.9156,38.57,4.54
Nantucket,100,US,1635622838,90,41.2835,-70.0995,63.97,21.92
Kushmurun,100,KZ,1635622839,75,52.4503,64.6311,41.52,21.07
Guerrero Negro,0,MX,1635622839,51,27.9769,-114.0611,75.69,11.27
Albany,96,US,1635622840,89,42.6001,-73.9662,60.22,3.0
Alofi,100,NU,1635622840,78,-19.0595,-169.9187,76.89,10.36
New Norfolk,83,AU,1635622840,60,-42.7826,147.0587,52.92,4.0
Mataura,100,NZ,1635622841,56,-46.1927,168.8643,55.26,8.21
Mehamn,93,NO,1635622841,76,71.0357,27.8492,38.53,4.47
Saint-Philippe,100,RE,1635622842,80,-21.3585,55.7679,71.15,4.12
Mahébourg,40,MU,1635622842,88,-20.4081,57.7,71.89,3.44
Melville,20,US,1635622843,77,40.7934,-73.4151,64.85,1.99
Riyadh,38,SA,1635622843,37,24.6877,46.7219,77.14,7.61
Puerto Ayora,91,EC,1635622844,80,-0.7393,-90.3518,76.96,8.55
Butaritari,39,KI,1635622604,72,3.0707,172.7902,82.53,6.44
Hermanus,77,ZA,1635622844,83,-34.4187,19.2345,61.9,9.69
Atuona,5,PF,1635622845,67,-9.8,-139.0333,77.85,17.27
Raudeberg,100,NO,1635622650,61,61.9875,5.1352,52.47,5.99
Yellowknife,40,CA,1635622676,84,62.456,-114.3525,30.42,7.0
East London,78,ZA,1635622562,85,-33.0153,27.9116,65.16,8.08
Mvomero,95,TZ,1635622846,89,-6.25,38.6667,78.55,2.62
Sitka,75,US,1635622846,61,57.0531,-135.33,48.09,11.5
Goderich,100,CA,1635622848,71,43.7501,-81.7165,52.92,6.91
College,90,US,1635622848,71,64.8569,-147.8028,41.32,6.91
Gigmoto,100,PH,1635622849,71,13.7796,124.39,80.26,12.68
Zhangaözen,0,KZ,1635622849,62,43.3,52.8,46.99,3.51
Toora-Khem,100,RU,1635622850,80,52.4675,96.11,28.78,3.87
Dingle,98,PH,1635622850,90,10.9995,122.6711,74.91,8.46
Palmer,90,US,1635622851,84,42.1584,-72.3287,61.0,1.01
Husavik,100,IS,1635622852,90,66.0449,-17.3389,40.91,16.98
Necochea,100,AR,1635622852,75,-38.5473,-58.7368,58.03,20.51
Busselton,87,AU,1635622624,90,-33.65,115.3333,43.05,6.08
Narsaq,89,GL,1635622853,70,60.9167,-46.05,30.42,4.43
Tura,0,IN,1635622607,67,25.5198,90.2201,64.24,2.98
Severo-Kuril'sk,67,RU,1635622683,84,50.6789,156.125,39.92,10.89
Faanui,16,PF,1635622853,69,-16.4833,-151.75,78.15,16.73
Saint George,1,US,1635622677,36,37.1041,-113.5841,81.07,5.99
Pochutla,44,MX,1635622854,61,15.7432,-96.4661,87.62,7.81
Port Alfred,69,ZA,1635622854,89,-33.5906,26.891,63.97,7.49
Nizhniy Odes,100,RU,1635622855,90,63.6445,54.856,24.26,0.63
Ketchikan,20,US,1635622855,81,55.3422,-131.6461,45.07,0.0
Venado Tuerto,1,AR,1635622856,19,-33.7456,-61.9688,93.78,8.81
Escanaba,1,US,1635622856,52,45.7453,-87.0646,61.25,5.75
Kharp,13,RU,1635622857,91,66.8014,65.8081,3.06,8.32
Hithadhoo,100,MV,1635622608,75,-0.6,73.0833,82.87,18.43
Qaanaaq,0,GL,1635622727,53,77.484,-69.3632,2.16,8.72
Mahon,75,ES,1635622858,88,39.8885,4.2658,70.36,10.36
Vila Velha,75,BR,1635622858,94,-20.3297,-40.2925,73.35,10.36
Sulangan,50,PH,1635622858,76,11.1373,123.7228,82.76,23.13
Vardø,93,NO,1635622859,76,70.3705,31.1107,38.86,7.47
Alta Floresta,20,BR,1635622859,58,-9.8756,-56.0861,89.42,4.61
Ust-Maya,63,RU,1635622860,100,60.4167,134.5333,-6.29,1.05
Kapaa,1,US,1635622860,90,22.0752,-159.319,80.58,3.44
Tucuruí,65,BR,1635622860,50,-3.7661,-49.6725,88.92,1.1
Prijepolje,0,RS,1635622861,81,43.3719,19.6406,47.48,4.43
Ca Mau,90,VN,1635622862,96,9.1769,105.15,76.24,4.83
Jamestown,90,US,1635622863,88,42.097,-79.2353,55.09,1.99
Alghero,20,IT,1635622864,88,40.5589,8.3181,64.49,10.36
Teberda,5,RU,1635622864,82,43.4456,41.7448,41.09,6.64
Ilulissat,75,GL,1635622865,74,69.2167,-51.1,32.02,2.3
Westport,90,US,1635622865,90,41.1415,-73.3579,65.05,1.01
Waipawa,13,NZ,1635622866,55,-41.4122,175.5153,58.46,13.73
Vestmannaeyjar,75,IS,1635622866,78,63.4427,-20.2734,43.74,5.48
Port Elizabeth,5,ZA,1635622867,93,-33.918,25.5701,59.09,3.47
Shellbrook,57,CA,1635622867,45,53.2168,-106.4011,36.63,14.23
Clyde River,90,CA,1635622868,100,70.4692,-68.5914,28.63,19.57
Hobyo,5,SO,1635622846,70,5.3505,48.5268,80.47,14.47
Nevşehir,0,TR,1635622869,70,38.9167,34.6667,42.01,3.44
Ushtobe,100,KZ,1635622695,56,45.2514,77.9838,49.28,3.4
Tsabong,0,BW,1635622870,20,-26.0217,22.401,73.8,6.64
Trairi,21,BR,1635622631,70,-3.2778,-39.2689,81.57,10.33
Cap Malheureux,7,MU,1635622870,84,-19.9842,57.6142,72.09,6.13
Urmia,75,IR,1635622871,93,37.5527,45.0761,45.95,6.91
Marsá Maţrūḩ,40,EG,1635622871,83,31.3525,27.2453,70.0,5.75
Nabire,86,ID,1635622872,92,-3.3667,135.4833,74.55,3.69
Hasaki,84,JP,1635622651,60,35.7333,140.8333,52.2,6.15
Arlit,62,NE,1635622873,17,18.7369,7.3853,86.77,17.49
Verkhoyansk,53,RU,1635622873,100,67.5447,133.385,-13.85,2.62
Sakakah,100,SA,1635622874,25,29.9697,40.2064,80.17,6.73
Chkalovsk,70,RU,1635622874,95,56.7647,43.2433,42.39,10.16
Wajir,49,KE,1635622875,46,1.7471,40.0573,85.62,11.14
Provideniya,88,RU,1635622875,83,64.3833,-173.3,12.6,10.6
Hobart,40,AU,1635622876,66,-42.8794,147.3294,53.26,3.0
Trat,100,TH,1635622876,94,12.5,102.5,82.98,2.68
Katobu,98,ID,1635622877,94,-4.9408,122.5276,74.46,1.63
Dikson,100,RU,1635622877,92,73.5069,80.5464,6.87,16.6
Maceió,40,BR,1635622878,61,-9.6658,-35.7353,85.44,11.5
Whitianga,100,NZ,1635622878,97,-36.8333,175.7,63.01,14.63
Grand Gaube,8,MU,1635622879,84,-20.0064,57.6608,72.0,7.63
Minyar,100,RU,1635622880,98,55.0709,57.5485,39.69,6.82
Singkang,100,MY,1635622880,94,2.1006,102.7994,76.89,2.42
Mar del Plata,75,AR,1635622581,76,-38.0023,-57.5575,68.02,21.0
Avarua,20,CK,1635622606,64,-21.2078,-159.775,75.25,16.11
Jiayuguan City,29,CN,1635622882,41,39.8167,98.3,37.94,5.82
Mayumba,95,GA,1635622882,90,-3.432,10.6554,77.5,7.72
Khatanga,60,RU,1635622629,100,71.9667,102.5,-6.43,3.06
Springdale,1,US,1635622883,51,36.1867,-94.1288,64.27,8.99
Half Moon Bay,75,US,1635622700,85,37.4636,-122.4286,71.42,1.99
Chui,87,UY,1635622647,75,-33.6971,-53.4616,71.24,13.73
Mezen',100,RU,1635622884,97,65.8522,44.24,31.42,4.29
Hervey Bay,99,AU,1635622649,86,-25.2986,152.8535,76.03,11.56
Oranjemund,0,NA,1635622884,90,-28.55,16.4333,60.64,6.91
Khovd,97,MN,1635622885,51,48.0056,91.6419,34.48,5.3
Korla,57,CN,1635622882,33,41.7597,86.1469,48.79,0.69
Isabela,45,PH,1635622886,82,6.7085,121.9711,79.11,2.64
Bengkulu,100,ID,1635622886,91,-3.8004,102.2655,75.83,4.54
Christchurch,0,NZ,1635622725,44,-43.5333,172.6333,63.03,10.36
Guane,9,CU,1635622887,48,22.2025,-84.0875,82.08,14.29
Gushikawa,1,JP,1635622887,91,26.3544,127.8686,72.63,3.44
Chimbarongo,100,CL,1635622888,21,-34.7,-71.05,88.18,8.28
George Town,20,MY,1635622836,93,5.4112,100.3354,78.89,3.0
Japura,21,ID,1635622889,97,-0.3167,102.35,74.17,1.57
Nosy Varika,92,MG,1635622889,84,-20.5833,48.5333,72.18,5.57
Kovernino,100,RU,1635622889,95,57.1253,43.8142,46.94,8.39
Kourou,44,GF,1635622890,71,5.1552,-52.6478,87.85,5.82
Fortuna,90,US,1635622890,75,40.5982,-124.1573,65.43,1.01
Maxixe,0,MZ,1635622891,78,-23.8597,35.3472,71.42,9.22
Cockburn Town,40,TC,1635622728,61,21.4612,-71.1419,84.16,9.22
Itapaci,100,BR,1635622891,81,-14.9508,-49.5494,73.54,9.13
Yefremov,10,RU,1635622892,89,53.1481,38.0992,43.3,7.61
The Valley,40,AI,1635622593,65,18.217,-63.0578,89.46,12.66
Morondava,51,MG,1635622830,71,-20.2833,44.2833,75.76,8.39
Onega,100,RU,1635622892,91,63.9061,38.1404,42.57,9.84
Nanortalik,20,GL,1635622722,75,60.1432,-45.2371,34.02,3.74
Upernavik,100,GL,1635622688,57,72.7868,-56.1549,26.56,7.58
Altamira,40,BR,1635622893,55,-3.2033,-52.2064,91.49,3.44
Kavajë,0,AL,1635622894,50,41.1856,19.5569,50.16,2.86
Masunga,64,BW,1635622895,38,-20.6246,27.4488,75.38,2.71
Athabasca,0,CA,1635622895,34,54.7169,-113.2854,38.23,14.81
Torbay,20,CA,1635622896,66,47.6666,-52.7314,48.97,5.75
Mossamedes,84,AO,1635622897,73,-15.1961,12.1522,68.25,8.01
Glendive,90,US,1635622897,64,47.1053,-104.7125,48.83,18.41
Port Shepstone,48,ZA,1635622898,85,-30.7414,30.455,64.65,9.04
La Rioja,100,ES,1635622898,76,42.25,-2.5,55.04,6.02
Shakawe,28,BW,1635622898,38,-18.3667,21.85,81.3,3.83
Port Lincoln,0,AU,1635622834,75,-34.7333,135.8667,52.65,9.01
Abhā,0,SA,1635622900,34,18.2164,42.5053,62.42,6.91
Perdika,0,GR,1635622901,57,39.3689,20.3039,58.06,4.76
Paso de los Toros,0,UY,1635622903,60,-32.8167,-56.5167,88.14,8.05
Nikel,100,RU,1635622904,91,69.4128,30.222,19.58,1.61
Batagay-Alyta,28,RU,1635622904,88,67.8006,130.4114,-14.3,4.63
Camapuã,79,BR,1635622908,56,-19.5314,-54.0439,83.57,1.45
Redlands,1,US,1635622748,36,34.0556,-117.1825,87.28,0.0
Balkanabat,71,TM,1635622881,48,39.5108,54.3671,58.59,4.21
Taoudenni,1,ML,1635622840,24,22.6783,-3.9836,87.87,4.88
Pangnirtung,90,CA,1635622909,87,66.1451,-65.7125,35.6,11.5
Orlik,100,RU,1635622910,68,52.5178,99.825,26.82,3.6
Honningsvåg,100,NO,1635622910,60,70.9821,25.9704,41.85,5.73
Wuwei,2,CN,1635622911,43,37.9281,102.6414,39.51,1.14
Coquimbo,75,CL,1635622672,77,-29.9533,-71.3436,60.53,13.8
Lebu,100,CL,1635622911,69,-37.6167,-73.65,55.71,15.82
Ahipara,100,NZ,1635622912,94,-35.1667,173.1667,61.86,7.87
Coahuayana Viejo,8,MX,1635622912,59,18.7333,-103.6833,89.08,5.77
Kovdor,100,RU,1635622913,99,67.5662,30.4758,33.15,3.0
Longyearbyen,75,SJ,1635622865,68,78.2186,15.6401,24.64,5.75
Mehendiganj,12,BD,1635622914,71,22.8167,90.5333,74.48,7.65
Saskylakh,100,RU,1635622914,94,71.9167,114.0833,8.26,10.63
Predivinsk,100,RU,1635622915,61,57.0669,93.4378,27.23,6.76
Houma,40,US,1635622729,59,29.5958,-90.7195,69.01,12.66
Kruisfontein,0,ZA,1635622663,93,-34.0033,24.7314,56.88,1.5
Chokurdakh,100,RU,1635622915,98,70.6333,147.9167,-0.24,5.3
Northam,17,GB,1635622916,93,51.0333,-4.2167,54.09,11.41
Flinders,0,AU,1635622917,80,-34.5833,150.8552,54.81,1.01
Gawler,0,AU,1635622917,84,-34.6,138.7333,49.46,6.4
Haines Junction,100,CA,1635622918,56,60.7522,-137.5108,39.15,8.05
Pandan,100,PH,1635622918,73,14.0453,124.1694,80.08,14.03
Omboué,100,GA,1635622918,90,-1.5746,9.2618,77.27,6.91
Ciudad de Armería,0,MX,1635622919,59,18.9333,-103.9667,88.9,6.49
Thompson,75,CA,1635622920,75,55.7435,-97.8558,37.56,11.5
Hilo,1,US,1635622753,70,19.7297,-155.09,81.25,3.44
Florianópolis,90,BR,1635622920,89,-27.6146,-48.5012,69.62,1.01
Nikolskoye,95,RU,1635622920,93,59.7035,30.7861,45.81,7.47
Codrington,3,AU,1635622921,95,-38.2667,141.9667,41.32,8.1
Saldanha,54,ZA,1635622922,88,-33.0117,17.9442,62.65,13.22
Chikola,2,RU,1635622922,81,43.1906,43.9209,41.85,3.04
Atasū,100,KZ,1635622923,65,48.6814,71.6433,38.44,14.25
Moratuwa,93,LK,1635622923,90,6.773,79.8816,73.42,4.74
Bathsheba,20,BB,1635622924,58,13.2167,-59.5167,86.61,14.97
Pisco,0,PE,1635622836,82,-13.7,-76.2167,66.02,10.36
Makassar,40,ID,1635622924,100,-5.14,119.4221,75.25,2.3
Lerwick,100,GB,1635622925,93,60.1545,-1.1494,48.2,2.55
Greeneville,90,US,1635622779,89,36.1632,-82.831,55.33,8.05
Chaupāl,0,IN,1635622927,59,30.95,77.5833,40.35,4.52
Iqaluit,90,CA,1635622927,69,63.7506,-68.5145,37.13,13.0
Xai-Xai,100,MZ,1635622928,87,-25.0519,33.6442,69.57,1.21
Kahului,1,US,1635622737,66,20.8947,-156.47,81.66,8.05
Aklavik,75,CA,1635622928,92,68.2191,-135.0107,16.63,5.75
Mayo,1,US,1635622929,70,38.8876,-76.5119,65.57,3.0
Jalu,0,LY,1635622659,40,29.0331,21.5482,70.14,7.67
Banjar,100,ID,1635622650,89,-8.19,114.9675,76.91,1.95
Buenos Aires,0,AR,1635622731,56,-34.6132,-58.3772,91.02,9.22
Vostok,100,RU,1635622930,82,46.4856,135.8833,32.9,1.63
Forsytheganj,23,BY,1635622930,73,52.6333,29.7333,44.51,10.16
Kloulklubed,100,PW,1635622931,79,7.0419,134.2556,77.5,16.91
Energetik,100,RU,1635622931,74,51.7445,58.7934,42.15,14.58
Los Llanos de Aridane,20,ES,1635622932,81,28.6585,-17.9182,65.95,1.99
Polis,13,CY,1635622932,83,35.0367,32.4264,69.62,3.47
Pacific Grove,1,US,1635622933,85,36.6177,-121.9166,69.15,3.0
Yumen,26,CN,1635622933,45,40.2833,97.2,37.74,6.22
Maputo,75,MZ,1635622934,84,-25.9653,32.5892,66.22,5.99
Talnakh,100,RU,1635622934,96,69.4865,88.3972,14.14,5.19
Neuquén,0,AR,1635622916,28,-38.9516,-68.0591,69.69,6.91
Dubno,52,UA,1635622935,64,50.4169,25.7343,48.88,14.36
Kragerø,100,NO,1635622936,94,58.8693,9.4149,54.57,20.45
Fethiye,100,TR,1635622936,67,36.6217,29.1164,64.27,3.18
Bhag,0,PK,1635622936,14,29.0415,67.8239,77.25,4.9
Ukiah,1,US,1635622803,75,39.1502,-123.2078,66.15,11.5
Katsuura,100,JP,1635622937,64,35.1333,140.3,57.31,3.2
Muisne,23,EC,1635622937,73,0.6,-80.0333,82.51,9.69
Sayansk,66,RU,1635622938,89,54.1088,102.1648,28.47,3.83
Biak,100,ID,1635622923,85,-0.9131,122.8766,75.97,3.42
Caravelas,98,BR,1635622938,81,-17.7125,-39.2481,75.99,7.65
Mocuba,0,MZ,1635622939,69,-16.8392,36.9856,70.2,4.76
Tual,73,ID,1635622939,72,-5.6667,132.75,83.16,6.04
Bonthe,100,SL,1635622940,89,7.5264,-12.505,75.87,5.3
Nybro,100,SE,1635622940,89,56.7446,15.9071,47.73,4.32
Cohoes,75,US,1635622940,91,42.7742,-73.7001,61.83,5.01
São Félix do Xingu,99,BR,1635622941,42,-6.6447,-51.995,91.42,3.33
Saint-Augustin,6,CA,1635622942,52,51.226,-58.6502,48.22,6.44
Adrar,100,MR,1635622723,16,20.5022,-10.0711,83.48,11.88
Cayenne,20,GF,1635622825,78,4.9333,-52.3333,87.84,4.0
Chapais,92,CA,1635622857,50,49.7834,-74.8492,53.38,7.05
Rusape,77,ZW,1635622942,41,-18.5278,32.1284,71.6,3.67
Cidreira,33,BR,1635622943,83,-30.1811,-50.2056,69.44,23.29
Carutapera,36,BR,1635622944,78,-1.195,-46.02,81.12,6.17
Laas,100,IT,1635622878,81,46.6166,10.7002,49.08,2.91
Buchanan,94,LR,1635622944,89,5.8808,-10.0467,78.76,2.24
Bollnäs,100,SE,1635622944,98,61.3482,16.3946,42.39,1.03
Caucaia,20,BR,1635622945,75,-3.7361,-38.6531,84.15,12.66
Bakal,100,RU,1635622945,98,54.9417,58.8083,36.0,9.64
Santa Maria,0,BR,1635622778,45,-29.6842,-53.8069,88.9,8.05
Hofn,100,IS,1635622946,86,64.2539,-15.2082,42.31,12.66
Puerto Escondido,92,MX,1635622946,71,15.85,-97.0667,84.85,7.45
Mimongo,100,GA,1635622947,97,-1.6195,11.6068,70.3,2.51
Carballo,78,ES,1635622947,89,43.213,-8.691,62.29,9.64
Jijiga,100,ET,1635622948,81,9.35,42.8,61.5,7.07
Balasore,99,IN,1635622948,82,21.4942,86.9317,73.94,2.15
Saurimo,100,AO,1635622948,90,-9.6608,20.3916,68.16,1.39
Kumul,100,CN,1635622949,42,42.8,93.45,50.88,4.07
Mareeba,45,AU,1635622949,95,-17.0,145.4333,68.72,1.79
Shizunai-furukawachō,100,JP,1635622950,73,42.3339,142.3669,49.41,6.08
Pechenga,100,RU,1635622950,91,69.5259,31.1703,20.26,2.57
Khuzhir,100,RU,1635622951,69,53.1939,107.3397,35.1,8.3
Bambous Virieux,40,MU,1635622951,88,-20.3428,57.7575,71.85,3.44
Saulkrasti,76,LV,1635622952,85,57.2622,24.4147,49.78,11.45
Hegang,20,CN,1635622952,41,47.4,130.3667,30.47,8.39
Paramonga,70,PE,1635622953,73,-10.6667,-77.8333,67.91,9.06
Bambanglipuro,100,ID,1635622678,91,-7.95,110.2833,77.16,3.06
Athmallik,88,IN,1635622953,91,20.7219,84.5348,72.82,2.28
Alagoa Grande,77,BR,1635622954,45,-7.1583,-35.63,89.92,18.12
Mirny,100,RU,1635622954,95,62.5353,113.9611,26.49,9.91
Gorom-Gorom,30,BF,1635622955,14,14.4439,-0.2361,92.12,9.66
Digras,92,IN,1635622955,62,20.1167,77.7167,67.05,5.1
Yar-Sale,100,RU,1635622955,89,66.8333,70.8333,11.39,18.77
Shimoda,100,JP,1635622956,70,34.6667,138.95,57.11,7.25
Juneau,90,US,1635622956,86,58.3019,-134.4197,43.21,11.5
Stokmarknes,100,NO,1635622957,95,68.5646,14.9108,45.5,7.07
Karratha,0,AU,1635622957,70,-20.7377,116.8463,72.46,6.4
Manturovo,100,RU,1635622958,91,58.3353,44.7619,44.91,6.13
Fairbanks,75,US,1635622924,75,64.8378,-147.7164,41.34,9.22
Ust'-Kulom,100,RU,1635622958,99,61.6864,53.6902,31.86,0.85
Eureka,62,US,1635622959,78,40.8021,-124.1637,65.68,5.99
Rocha,100,UY,1635622789,79,-34.4833,-54.3333,71.04,9.6
Ndola,95,ZM,1635622960,31,-12.9587,28.6366,76.5,5.17
Arman',100,RU,1635622960,59,59.7,150.1667,21.92,11.39
Adré,2,TD,1635622960,17,13.4667,22.2,80.51,5.97
Skjervøy,100,NO,1635622961,69,70.0311,20.9714,41.11,10.78
Souillac,40,MU,1635622900,88,-20.5167,57.5167,71.98,3.44
La Sarre,100,CA,1635622962,44,48.8002,-79.1996,51.64,5.35
Foso,100,GH,1635622963,95,5.7012,-1.2866,75.0,3.53
Mudgee,0,AU,1635622965,93,-32.5943,149.5871,35.65,4.61
Baisha,100,CN,1635622966,99,26.5222,110.9311,59.95,3.2
Matipó,79,BR,1635622966,84,-20.2839,-42.3411,70.83,7.36
Hirara,27,JP,1635622967,74,24.8,125.2833,75.58,13.65
Ginda,0,IN,1635622967,37,30.6945,78.4932,48.61,6.35
Jidong,100,CN,1635622968,63,45.2167,131.0833,38.82,2.86
Koulikoro,63,ML,1635622968,28,14.0,-7.75,82.9,8.43
Kwinana,3,AU,1635622969,77,-32.25,115.7667,54.81,7.63
Bobo-Dioulasso,20,BF,1635622969,65,11.1771,-4.2979,82.85,3.44
Härnösand,100,SE,1635622969,87,62.6323,17.9379,46.99,8.03
Iquique,43,CL,1635622779,68,-20.2208,-70.1431,66.24,6.62
Gizo Government Station,72,SB,1635622940,75,-8.103,156.8419,82.56,6.78
Jerome,40,US,1635622971,90,42.7241,-114.5186,56.75,3.44
Sovetskiy,70,RU,1635622972,98,61.3614,63.5842,16.05,3.65
Bugembe,55,UG,1635622972,95,0.4797,33.2344,62.02,4.34
Pemba,75,MZ,1635622972,83,-12.974,40.5178,79.5,11.5
Beyneu,6,KZ,1635622973,65,45.3167,55.2,50.36,3.44
Hamilton,90,US,1635622830,93,39.1834,-84.5333,58.14,1.01
Port Blair,98,IN,1635622974,81,11.6667,92.75,80.37,1.72
Cabo San Lucas,11,MX,1635622941,67,22.8909,-109.9124,89.62,9.24
Nhulunbuy,100,AU,1635622974,83,-12.2333,136.7667,79.41,0.0
Lithgow,8,AU,1635622975,86,-33.4833,150.15,41.83,1.28
Tiznit Province,0,MA,1635622976,56,29.5833,-9.5,65.66,1.1
Bilma,23,NE,1635622785,21,18.6853,12.9164,83.71,17.38
Deniliquin,0,AU,1635622976,84,-35.5333,144.9667,42.01,4.92
Chlórakas,20,CY,1635622977,73,34.8042,32.4083,68.88,5.75
Miandrivazo,24,MG,1635622978,71,-19.5167,45.4667,74.32,4.56
Amapá,100,BR,1635622978,93,1.0,-52.0,73.63,3.67
Tiarei,15,PF,1635622979,74,-17.5333,-149.3333,80.62,16.2
Alice Springs,90,AU,1635622707,67,-23.7,133.8833,60.35,5.75
Barranca,62,PE,1635622979,72,-10.75,-77.7667,66.81,9.22
Richards Bay,96,ZA,1635622980,82,-28.783,32.0377,64.87,9.86
North Bend,75,US,1635622980,94,43.4065,-124.2243,59.92,0.0
Fare,3,PF,1635622984,68,-16.7,-151.0167,78.31,16.73
Kaitangata,100,NZ,1635622984,75,-46.2817,169.8464,53.85,3.76
El Salvador,100,SV,1635622877,67,13.8333,-88.9167,81.0,3.2
Kasongo-Lunda,100,CD,1635622701,96,-6.4667,16.8167,71.1,0.87
Charters Towers,10,AU,1635622985,88,-20.1,146.2667,71.8,4.92
Puerto Carreño,97,CO,1635622988,68,6.189,-67.4859,85.64,4.12
Kamenka,7,RU,1635622891,74,51.3223,42.7678,41.83,6.49
Folldal,100,NO,1635622988,94,62.1325,9.9968,38.17,7.38
Severnoye,100,RU,1635622990,49,56.3491,78.3619,27.07,9.53
Padang,100,ID,1635622990,90,-0.9492,100.3543,77.47,3.71
Otane,100,NZ,1635622990,71,-39.8833,176.6333,69.01,4.94
Kuzedeyevo,100,RU,1635622991,95,53.3308,87.2019,34.48,5.66
San Francisco,75,US,1635622871,88,37.7749,-122.4194,71.15,3.0
Srednekolymsk,100,RU,1635622992,99,67.45,153.6833,-9.72,5.08
Severomorsk,100,RU,1635622992,91,69.0689,33.4162,25.2,4.34
Burnie,100,AU,1635622993,89,-41.0667,145.9167,47.95,12.39
Krasnokamensk,0,RU,1635622994,32,50.0979,118.0369,26.29,1.21
Gannavaram,87,IN,1635622994,96,16.5333,80.8,74.68,3.04
Kumëny,100,RU,1635622994,96,58.1089,49.9161,39.9,8.19
Taksimo,100,RU,1635622995,67,56.3444,114.8794,20.91,0.89
Inhambane,0,MZ,1635622750,78,-23.865,35.3833,71.58,9.22
Luwingu,92,ZM,1635622996,34,-10.2621,29.9271,77.49,4.03
Kropotkin,0,RU,1635622996,71,45.4375,40.5756,46.53,12.97
Port Hedland,0,AU,1635622996,94,-20.3167,118.5667,69.85,8.05
Rio Grande,88,BR,1635622997,79,-32.035,-52.0986,78.91,19.44
Mount Gambier,40,AU,1635622998,93,-37.8333,140.7667,40.91,0.0
Kollo,5,NE,1635622998,15,13.3043,2.339,93.63,5.57
Nueva Santa Rosa,98,GT,1635622998,88,14.3811,-90.2761,77.38,1.32
Khāsh,0,IR,1635622999,30,28.2211,61.2158,61.05,4.65
Sistranda,100,NO,1635622999,83,63.7256,8.834,49.89,22.28
Dalby,44,AU,1635623000,50,-27.1833,151.2667,54.3,8.16
Inírida,84,CO,1635623000,86,3.8653,-67.9239,80.29,4.18
Zhigansk,100,RU,1635623001,96,66.7697,123.3711,-1.46,16.93
Coyhaique,0,CL,1635623001,23,-45.5752,-72.0662,62.55,11.5
Imperial Beach,75,US,1635623002,74,32.5839,-117.1131,80.98,10.36
Quatre Cocos,46,MU,1635623002,77,-20.2078,57.7625,71.71,7.81
Novoagansk,89,RU,1635623002,96,61.9449,76.6625,12.9,8.32
Nara,88,JP,1635622992,70,34.6851,135.8049,62.98,3.2
Great Yarmouth,100,GB,1635623003,82,52.6083,1.7305,51.03,12.1
Novy Urengoy,97,RU,1635623003,92,66.0833,76.6333,8.98,14.2
Muros,100,ES,1635622881,90,42.7762,-9.0603,64.24,13.22
Kutum,6,SD,1635623004,17,14.2,24.6667,76.89,5.19
Owerri,100,NG,1635623004,93,5.4833,7.0304,75.87,2.59
Statesboro,90,US,1635623005,67,32.4488,-81.7832,64.54,6.91
Kuito,100,AO,1635623005,94,-12.3833,16.9333,62.22,2.17
Abu Dhabi,0,AE,1635622903,61,24.4667,54.3667,84.22,5.75
Petropavlovsk-Kamchatskiy,0,RU,1635622983,80,53.0452,158.6483,27.19,6.71
Kudahuvadhoo,12,MV,1635622919,77,2.6708,72.8944,82.2,15.32
Makakilo City,1,US,1635623006,65,21.3469,-158.0858,80.62,0.0
Aykhal,100,RU,1635623007,97,66.0,111.5,15.51,7.0
Kondoa,82,TZ,1635623007,72,-4.9,35.7833,68.45,7.43
Savannah Bight,84,HN,1635623007,65,16.45,-85.85,84.99,18.03
Marondera,88,ZW,1635623008,37,-18.1853,31.5519,71.44,8.03
Anadyr,90,RU,1635623008,84,64.75,177.4833,3.7,15.01
Yelat'ma,87,RU,1635623009,94,54.9675,41.7508,45.46,8.23
Yulara,100,AU,1635623009,88,-25.2406,130.9889,58.84,8.05
Poronaysk,100,RU,1635623009,95,49.2167,143.1167,35.19,13.76
Rognan,100,NO,1635623010,87,67.0953,15.3878,48.34,5.14
Prince Rupert,78,CA,1635622899,75,54.3161,-130.3201,44.29,11.5
Marzuq,98,YE,1635623011,56,14.4,46.4667,74.55,3.85
Nioro,100,GM,1635622757,77,13.35,-15.75,74.82,6.08
Waddān,100,LY,1635623012,31,29.1614,16.139,71.83,6.06
Baykit,100,RU,1635623012,84,61.67,96.37,17.91,11.25
Río Gallegos,0,AR,1635622923,17,-51.6226,-69.2181,62.65,14.97
Alyangula,56,AU,1635623013,94,-13.8483,136.4192,75.07,0.0
Bratsk,100,RU,1635623014,88,56.1325,101.6142,39.69,6.96
Yaqui,0,MX,1635623014,28,27.3667,-110.1667,89.4,9.28
Tautira,40,PF,1635622967,76,-17.7333,-149.15,80.62,16.44
Pakokku,9,MM,1635623015,86,21.3333,95.1,77.0,5.03
Florence,0,IT,1635623015,75,43.7667,11.25,62.29,1.14
Araouane,97,ML,1635622944,19,18.9048,-3.5265,89.46,10.27
Nome,1,US,1635623016,72,64.5011,-165.4064,6.87,5.75
Lamar,1,US,1635623016,32,33.6668,-95.5836,72.99,12.66
Monrovia,100,LR,1635622980,84,6.3005,-10.7969,78.57,6.67
Calvinia,17,ZA,1635623017,35,-31.4707,19.776,70.99,2.39
Rhyl,90,GB,1635623017,90,53.3196,-3.4886,49.84,8.61
Yushu,100,CN,1635623018,72,44.8,126.5333,43.54,9.64
Gorontalo,99,ID,1635623018,94,0.5412,123.0595,74.71,2.89
Fort Nelson,20,CA,1635622881,59,58.8053,-122.7002,29.79,5.75
El Milagro,40,HN,1635623019,63,15.4,-87.9667,83.88,9.22
Asău,0,RO,1635622774,90,46.4333,26.4,44.76,1.07
Manaure,91,CO,1635623019,68,11.7751,-72.4445,84.2,11.92
Port Hardy,40,CA,1635622820,81,50.6996,-127.4199,42.98,0.0
Ancud,0,CL,1635623020,47,-41.8697,-73.8203,60.33,2.39
Simpang,77,ID,1635623020,96,-1.2667,104.0833,74.5,1.32
Te Anau,100,NZ,1635622823,95,-45.4167,167.7167,46.4,5.06
Sedkyrkeshch,90,RU,1635623021,100,61.75,50.9167,32.27,0.0
Vangaindrano,100,MG,1635623022,82,-23.35,47.6,70.3,3.58
Shache,1,CN,1635623022,33,38.4167,77.2406,47.7,3.98
Lukovetskiy,100,RU,1635623023,100,64.2956,41.9211,37.38,4.63
Beringovskiy,97,RU,1635623023,96,63.05,179.3167,5.58,18.23
Camacha,40,PT,1635623024,88,33.0833,-16.3333,69.22,9.22
Tumpat,40,MY,1635623024,100,6.1978,102.171,75.18,2.3
Magugu,93,TZ,1635623025,71,-4.0167,35.7667,72.84,2.24
Norrköping,90,SE,1635623025,98,58.5942,16.1826,47.39,8.05
San Cosme y Damián,99,PY,1635623025,61,-27.3167,-56.35,71.29,6.53
Kimbe,17,PG,1635623026,91,-5.5502,150.1429,76.15,4.12
Rafaela,0,AR,1635623026,22,-31.2503,-61.4867,98.01,5.01
Abu Samrah,77,SY,1635623027,41,35.3029,37.1841,69.64,6.87
Santarém,40,BR,1635623027,62,-2.4431,-54.7083,89.73,9.22
Ambilobe,98,MG,1635623027,80,-13.2,49.05,75.96,1.68
Agüimes,20,ES,1635623028,74,27.9054,-15.4461,67.01,14.97
Mtwara,3,TZ,1635623028,81,-10.2667,40.1833,76.5,7.81
Sawākin,1,SD,1635623029,73,19.1059,37.3321,84.33,5.86
Touros,57,BR,1635622848,74,-5.1989,-35.4608,85.1,17.76
Polunochnoye,69,RU,1635623030,98,60.8697,60.4153,15.06,2.73
Chennai,75,IN,1635623030,94,13.0878,80.2785,80.58,0.0
Evensk,95,RU,1635623030,74,61.95,159.2333,8.73,10.94
Porto-Novo,100,BJ,1635623031,84,6.4965,2.6036,80.04,6.11
Kawalu,100,ID,1635623031,96,-7.3817,108.2082,71.94,1.03
Sakaiminato,75,JP,1635623032,94,35.55,133.2333,57.18,6.91
Tuatapere,100,NZ,1635623032,92,-46.1333,167.6833,50.63,13.76
Baoqing,99,CN,1635623033,43,46.3317,132.2111,34.2,5.93
Kajiado,13,KE,1635623033,78,-1.8524,36.7768,67.48,14.12
Klaksvík,100,FO,1635623033,92,62.2266,-6.589,47.32,8.68
Ban Nahin,30,LA,1635623034,92,18.2418,104.2122,70.65,3.58
Itupiranga,25,BR,1635622864,51,-5.1347,-49.3267,93.52,3.76
Redwater,0,US,1635623035,47,33.3582,-94.2544,71.49,8.5
Kisangani,42,CD,1635623035,94,0.5167,25.2,71.24,1.16
Terney,100,RU,1635623036,68,45.0503,136.6092,44.56,7.94
Jinchang,0,CN,1635623036,42,38.4953,102.1739,41.05,3.76
Buraidah,0,SA,1635622981,29,26.326,43.975,77.45,14.09
Newcastle,75,AU,1635623038,95,-32.9272,151.7765,56.79,5.75
Saint-Joseph,99,RE,1635623038,81,-21.3667,55.6167,70.16,3.31
Zliten,100,LY,1635623035,63,32.4674,14.5687,72.46,14.52
Antequera,100,ES,1635623039,81,37.0194,-4.5612,66.18,4.74
San Cristobal,99,VE,1635622856,87,7.7669,-72.225,77.18,3.6
Otorohanga,100,NZ,1635623040,97,-38.1833,175.2,64.2,4.03
Poum,32,NC,1635622763,73,-20.2333,164.0167,74.86,4.85
Brenham,1,US,1635623040,28,30.1669,-96.3977,76.96,3.44
Tabou,100,CI,1635623041,86,4.423,-7.3528,77.97,5.68
Labuhan,90,ID,1635623041,82,-6.8844,112.2051,80.02,3.18
Aktash,100,RU,1635623042,73,50.3,87.7333,20.82,4.54
Lashio,53,MM,1635623043,99,22.9333,97.75,62.08,0.83
Comodoro Rivadavia,20,AR,1635623044,62,-45.8667,-67.5,51.66,9.22
Belyy Yar,0,RU,1635623045,75,53.6039,91.3903,37.29,15.66
Hailar,1,CN,1635623045,45,49.2,119.7,25.5,5.79
Mazatlán,1,MX,1635622959,80,23.2167,-106.4167,87.03,7.25
Qinhuangdao,19,CN,1635623046,80,39.9317,119.5883,51.49,12.33
Maïné Soroa,59,NE,1635623047,13,13.2114,12.0241,88.03,7.67
Tessalit,85,ML,1635622915,12,20.1986,1.0114,87.49,8.86
Broome,90,US,1635623047,77,42.2506,-75.833,57.36,1.01
Beloha,10,MG,1635623048,80,-25.1667,45.05,67.95,12.08
Kavieng,34,PG,1635623048,78,-2.5744,150.7967,82.18,12.57
Sémbé,82,CG,1635623049,97,1.6481,14.5806,71.51,2.95
Oksovskiy,100,RU,1635623049,86,62.6062,39.8984,44.44,7.9
São Roque,90,BR,1635622883,87,-23.5292,-47.1353,81.09,9.53
Erdenet,86,MN,1635623050,73,49.0333,104.0833,27.86,4.74
Tena,97,EC,1635623050,66,-0.9833,-77.8167,84.96,3.11
Zlobin,40,HR,1635623051,79,45.2924,14.6541,47.16,0.0
Reconquista,0,AR,1635622916,21,-29.15,-59.65,99.3,7.31
Tāybād,9,IR,1635622786,29,34.74,60.7756,57.81,6.85
Robertsport,97,LR,1635623052,84,6.7533,-11.3686,78.12,7.99
Kepala Batas,20,MY,1635623052,93,5.5171,100.4265,78.91,3.44
Kysyl-Syr,93,RU,1635623053,94,63.8986,122.7617,6.42,8.48
Nelson Bay,100,AU,1635623053,73,-32.7167,152.15,61.11,3.0
Kushima,97,JP,1635623053,93,31.4583,131.2333,61.54,8.88
Moranbah,7,AU,1635623054,63,-22.0016,148.0466,77.29,8.43
São Raimundo das Mangabeiras,24,BR,1635623054,38,-7.0219,-45.4811,90.75,8.12
Sirtich,95,RU,1635623055,92,41.8321,48.228,49.59,4.88
Rangāpāra,6,IN,1635623056,70,26.8167,92.65,64.99,2.48
Rāhuri,24,IN,1635623056,61,19.3833,74.65,68.2,5.75
Matara,47,LK,1635623012,91,5.9485,80.5353,76.5,3.24
Nishihara,20,JP,1635623057,79,26.1842,127.7558,72.68,0.0
Laguna,1,US,1635623057,73,38.421,-121.4238,74.23,5.01
Monte Alegre,11,BR,1635623057,49,-2.0078,-54.0692,90.14,3.15
Aswān,0,EG,1635623058,23,24.0934,32.907,88.9,9.22
Bella Union,26,UY,1635623058,35,-30.2752,-57.6007,91.35,4.97
Geraldton,0,AU,1635623059,82,-28.7667,114.6,52.21,9.22
İskilip,47,TR,1635623059,64,40.7353,34.4739,48.07,2.17
Khasan,18,RU,1635623060,76,42.4308,130.6434,48.81,5.68
Baoning,90,CN,1635623060,94,25.3378,110.026,62.46,2.24
Natal,20,BR,1635622989,65,-5.795,-35.2094,84.85,19.57
Tallahassee,75,US,1635622977,68,30.4383,-84.2807,67.62,1.01
Muncar,96,ID,1635623061,91,-8.4333,114.3333,76.53,0.63
Am Timan,100,TD,1635623061,31,11.0297,20.2827,81.36,3.91
Meulaboh,100,ID,1635623020,89,4.1363,96.1285,75.56,4.23
Afikpo,99,NG,1635623062,91,5.8931,7.9374,76.39,6.6
Senanga,35,ZM,1635623062,45,-16.1167,23.2667,78.6,3.96
Erzin,77,TR,1635623063,72,36.9559,36.2,70.52,6.64
Al Bardīyah,3,LY,1635623065,66,31.7561,25.0865,71.6,5.68
Qaqortoq,65,GL,1635622853,75,60.7167,-46.0333,30.7,4.25
Marsh Harbour,15,BS,1635622930,64,26.5412,-77.0636,81.16,20.89
Letlhakane,52,BW,1635623065,35,-21.4167,25.5833,79.45,2.26
Ribeira Brava,25,PT,1635623066,79,32.65,-17.0667,73.71,7.74
Voyvozh,97,RU,1635623066,98,62.892,54.9635,21.69,1.45
San Patricio,0,US,1635623067,17,28.017,-97.5169,85.05,2.39
Ringsted,100,DK,1635623068,66,55.4426,11.7901,53.01,13.49
Bakchar,100,RU,1635622833,52,57.0186,82.0711,26.26,7.38
Liwale,6,TZ,1635623068,77,-9.7667,37.9333,71.85,3.78
Kaka,92,TM,1635623069,39,37.3482,59.6143,57.83,5.61
Skovorodino,16,RU,1635623074,53,53.9833,123.9167,20.44,2.42
Ferkessédougou,100,CI,1635623075,65,9.6,-5.2,80.37,2.19
Launceston,14,AU,1635622841,93,-41.45,147.1667,46.8,11.5
Sola,1,VU,1635623075,69,-13.8833,167.55,81.1,17.4
Ingham,90,US,1635623076,91,42.6,-84.3833,52.25,3.44
Cabedelo,5,BR,1635623077,68,-6.9811,-34.8339,83.07,16.6
Egvekinot,100,RU,1635623077,89,66.3167,-179.1667,-0.44,10.51
Bay City,90,US,1635623078,92,43.5945,-83.8889,52.66,9.22
Lüderitz,7,NA,1635623079,93,-26.6481,15.1594,59.5,5.32
Saint Anthony,1,US,1635623079,62,45.0205,-93.218,59.32,1.99
Chingirlau,12,KZ,1635623080,75,51.095,54.0814,40.14,10.04
De Aar,0,ZA,1635623081,38,-30.6497,24.0123,67.37,8.19
Lorengau,83,PG,1635623081,79,-2.0226,147.2712,81.63,6.78
Kavaratti,93,IN,1635623081,72,10.5669,72.642,81.97,2.84
Henties Bay,0,NA,1635623082,89,-22.116,14.2845,57.85,4.61
Berdigestyakh,69,RU,1635623083,99,62.0989,126.6992,2.17,4.45
Manuk Mangkaw,60,PH,1635623083,73,4.8,119.85,82.8,2.93
